Id;Name;Description;PriorityStatus;CreationDate;DueDate;IsCompleted
1;Title;desc;Low;24/11/2023 17:33:10;28/01/2023 00:00:00;False
2;Title;desctt;Low;24/11/2023 17:33:26;28/01/2023 00:00:00;False
3;Title;desctt;Low;24/11/2023 17:44:05;28/01/2023 00:00:00;False
4;Title;;Low;24/11/2023 17:44:16;28/01/2023 00:00:00;False
5;Ttttile;;Low;24/11/2023 17:47:52;28/01/2023 00:00:00;False
6;test;;Low;25/11/2023 12:12:25;28/01/2023 00:00:00;False
7;test;test;Low;28/11/2023 13:34:39;28/11/2023 00:00:00;False
8;test;test;Low;28/11/2023 13:37:03;28/11/2023 00:00:00;False
9;test;test;Low;28/11/2023 13:37:52;28/11/2023 00:00:00;False
10;test_Unit;test_Unit;Low;28/11/2023 13:51:34;28/11/2023 00:00:00;False
11;test_Unit 2;test_Unit;Low;28/11/2023 14:05:17;28/11/2023 00:00:00;False
1123;test_Unit 2;test_Unit;Low;04/12/2023 16:50:23;04/12/2023 00:00:00;False
1124;test_Unit 2;test_Unit;Low;04/12/2023 16:50:47;04/12/2023 00:00:00;False
1197;Title;desc;Low;24/11/2023 17:33:10;28/01/2023 00:00:00;False
1198;Title;desctt;Low;24/11/2023 17:33:26;28/01/2023 00:00:00;False
1199;Title;desctt;Low;24/11/2023 17:44:05;28/01/2023 00:00:00;False
1200;Title;;Low;24/11/2023 17:44:16;28/01/2023 00:00:00;False
1201;Ttttile;;Low;24/11/2023 17:47:52;28/01/2023 00:00:00;False
1202;test;;Low;25/11/2023 12:12:25;28/01/2023 00:00:00;False
1203;test;test;Low;28/11/2023 13:34:39;28/11/2023 00:00:00;False
1204;test;test;Low;28/11/2023 13:37:03;28/11/2023 00:00:00;False
1205;test;test;Low;28/11/2023 13:37:52;28/11/2023 00:00:00;False
1206;test_Unit;test_Unit;Low;28/11/2023 13:51:34;28/11/2023 00:00:00;False
1207;test_Unit 2;test_Unit;Low;28/11/2023 14:05:17;28/11/2023 00:00:00;False
1208;test_Unit 2;test_Unit;Low;04/12/2023 16:50:23;04/12/2023 00:00:00;False
1209;test_Unit 2;test_Unit;Low;04/12/2023 16:50:47;04/12/2023 00:00:00;False
